"NO_MUNICIPIO";"CO_ENTIDADE";"NO_ENTIDADE";"TP_LOCALIZACAO";"VL_OBSERVADO_2023"
"GONCALVES DIAS";"21128723";"UI JOSE CORREA LIMA";"2";"5.4"
"GONCALVES DIAS";"21128146";"UI EMILIO MURAD";"2";"5.1"
"GONCALVES DIAS";"21128740";"UE VEREADOR LEONARDO FERREIRA LIMA";"1";"5.6"
"GONCALVES DIAS";"21128120";"U I BASILIO ALVES";"2";"5.0"
"GONCALVES DIAS";"21286973";"UNIDADE INTEGRADA ALDENORA DE ARAÚJO CRUZ";"1";"5.5"
"GONCALVES DIAS";"21128758";"UE RAIMUNDO DOS REIS DA SILVA";"2";"4.9"
"GONCALVES DIAS";"21286990";"UNIDADE INTEGRADA JOSE GONCALVES DIAS";"2";"5.3"
"GONCALVES DIAS";"21128774";"UNIDADE ESCOLAR ANISIO GOMES";"2";"4.8"
"GONCALVES DIAS";"21192544";"UE ANITA FURTADO";"1";"5.4"
